"url","title","has_github_iframe","iframe","status","error","PSComputerName","RunspaceId","PSShowComputerName"
"https://quantumhardstore.com/productos/116861/","TECLADO GAMER TT ESPORTS COMBO CHALLENGER ELITE RGB MEMBRANE KB LASER ENGRAVED KEYCAP SW CONTROL","False","","ok","","localhost","762d5e49-1c62-4b3d-a994-cb1eec6c3355","False"
"https://quantumhardstore.com/productos/16g-ki-3200-ddr4-fury-beas-rgb-1cvrq/","16G KI 3200 DDR4 FURY BEAS RGB","False","","ok","","localhost","762d5e49-1c62-4b3d-a994-cb1eec6c3355","False"
"https://quantumhardstore.com/productos/417333/","Silla Gamer Raptor Throne R20 Tela Gris","False","","ok","","localhost","762d5e49-1c62-4b3d-a994-cb1eec6c3355","False"
"https://quantumhardstore.com/productos/accesorios-base-auriculares-trust-gxt-265-cintar-rgb-todvb/","ACCESORIOS BASE AURICULARES TRUST GXT 265 CINTAR RGB","False","","ok","","localhost","762d5e49-1c62-4b3d-a994-cb1eec6c3355","False"
"https://quantumhardstore.com/productos/accesorios-byh-monitor-portatil-para-notebook-glance-plus-oled-15-6-4sfnl/","ACCESORIOS BYH MONITOR PORTATIL PARA NOTEBOOK GLANCE PLUS OLED 15.6","False","","ok","","localhost","762d5e49-1c62-4b3d-a994-cb1eec6c3355","False"
"https://quantumhardstore.com/productos/accesorios-byh-monitor-portatil-para-notebook-glance-pro-oled-15-6-buq2q/","ACCESORIOS BYH MONITOR PORTATIL PARA NOTEBOOK GLANCE PRO OLED 15.6","False","","ok","","localhost","762d5e49-1c62-4b3d-a994-cb1eec6c3355","False"
"https://quantumhardstore.com/productos/accesorios-byh-monitor-portatil-para-notebook-trio-max-tri-screen-2-0-14-1-1kp5d/","ACCESORIOS BYH MONITOR PORTATIL PARA NOTEBOOK TRIO MAX TRI-SCREEN 2.0 14.1","False","","ok","","localhost","762d5e49-1c62-4b3d-a994-cb1eec6c3355","False"
"https://quantumhardstore.com/productos/accesorios-cooler-master-kit-universal-de-soporte-vertical-para-gpu-argb-1r7le/","ACCESORIOS COOLER MASTER KIT UNIVERSAL DE SOPORTE VERTICAL PARA GPU ARGB","False","","ok","","localhost","762d5e49-1c62-4b3d-a994-cb1eec6c3355","False"
"https://quantumhardstore.com/productos/accesorios-funda-de-silicona-trust-joystick-ps5-camo-gxt748-q659r/","ACCESORIOS FUNDA DE SILICONA TRUST JOYSTICK PS5 CAMO GXT748","False","","ok","","localhost","762d5e49-1c62-4b3d-a994-cb1eec6c3355","False"
"https://quantumhardstore.com/productos/accesorios-funda-de-silicona-trust-joystick-xbox-trans-gxt749-1muei/","ACCESORIOS FUNDA DE SILICONA TRUST JOYSTICK XBOX TRANS GXT749","False","","ok","","localhost","762d5e49-1c62-4b3d-a994-cb1eec6c3355","False"
"https://quantumhardstore.com/productos/accesorios-nzxt-hue-2-rgb-underglow-1ur54/","ACCESORIOS NZXT HUE 2 RGB UNDERGLOW","False","","ok","","localhost","762d5e49-1c62-4b3d-a994-cb1eec6c3355","False"
"https://quantumhardstore.com/productos/accesorios-philips-hue-lightstrip-plus-v4-emea-1m-ext-14jir/","ACCESORIOS PHILIPS HUE LIGHTSTRIP PLUS V4 EMEA 1M EXT","False","","ok","","localhost","762d5e49-1c62-4b3d-a994-cb1eec6c3355","False"
"https://quantumhardstore.com/productos/accesorios-philips-hue-play-gradient-lightstrip-56-eu-nukdc/","ACCESORIOS PHILIPS HUE PLAY GRADIENT LIGHTSTRIP 56 EU","False","","ok","","localhost","762d5e49-1c62-4b3d-a994-cb1eec6c3355","False"
"https://quantumhardstore.com/productos/accesorios-porta-auriculares-nzxt-puck-white-ftxxu/","ACCESORIOS PORTA AURICULARES NZXT PUCK WHITE","False","","ok","","localhost","762d5e49-1c62-4b3d-a994-cb1eec6c3355","False"
"https://quantumhardstore.com/productos/accesorios-razer-bungee-v3-vi0z7/","ACCESORIOS RAZER BUNGEE V3","False","","ok","","localhost","762d5e49-1c62-4b3d-a994-cb1eec6c3355","False"
"https://quantumhardstore.com/productos/accesorios-sfx-ficha-hdmi-a-dvi-byny6/","ACCESORIOS SFX FICHA HDMI A DVI","False","","ok","","localhost","762d5e49-1c62-4b3d-a994-cb1eec6c3355","False"
"https://quantumhardstore.com/productos/accesorios-trust-base-de-carga-doble-para-mandos-ps4-gxt235-92h98/","ACCESORIOS TRUST BASE DE CARGA DOBLE PARA MANDOS PS4 GXT235","False","","ok","","localhost","762d5e49-1c62-4b3d-a994-cb1eec6c3355","False"
"https://quantumhardstore.com/productos/accesorios-trust-base-de-carga-doble-para-mandos-ps5-white-gxt228-npzs9/","ACCESORIOS TRUST BASE DE CARGA DOBLE PARA MANDOS PS5 WHITE GXT228","False","","ok","","localhost","762d5e49-1c62-4b3d-a994-cb1eec6c3355","False"
"https://quantumhardstore.com/productos/accesorios-trust-cable-usb-c-usb-3-metros-para-carga-de-joystick-ps5-ju15q/","ACCESORIOS TRUST CABLE USB-C USB 3 METROS PARA CARGA DE JOYSTICK PS5","False","","ok","","localhost","762d5e49-1c62-4b3d-a994-cb1eec6c3355","False"
"https://quantumhardstore.com/productos/accesorios-trust-calyx-adaptador-usb-a-usb-c-2-pack-53mrl/","ACCESORIOS TRUST CALYX ADAPTADOR USB-A USB-C 2 PACK","False","","ok","","localhost","762d5e49-1c62-4b3d-a994-cb1eec6c3355","False"
"https://quantumhardstore.com/productos/accesorios-trust-estuche-de-silicona-para-nintendo-switch-2-white-gxt1253-1dur2/","ACCESORIOS TRUST ESTUCHE DE SILICONA PARA NINTENDO SWITCH 2 WHITE GXT1253","False","","ok","","localhost","762d5e49-1c62-4b3d-a994-cb1eec6c3355","False"
"https://quantumhardstore.com/productos/accesorios-trust-estuche-rigido-para-nintendo-switch-2-red-gxt1251rb-3fll2/","ACCESORIOS TRUST ESTUCHE RIGIDO PARA NINTENDO SWITCH 2 RED GXT1251RB","False","","ok","","localhost","762d5e49-1c62-4b3d-a994-cb1eec6c3355","False"
"https://quantumhardstore.com/productos/accesorios-trust-estuche-rigido-para-nintendo-switch-red-gxt1248s-bvnrb/","ACCESORIOS TRUST ESTUCHE RIGIDO PARA NINTENDO SWITCH RED GXT1248S","False","","ok","","localhost","762d5e49-1c62-4b3d-a994-cb1eec6c3355","False"
"https://quantumhardstore.com/productos/accesorios-trust-estuche-rigido-xl-para-nintendo-switch-2-black-gxt1252-1ogpj/","ACCESORIOS TRUST ESTUCHE RIGIDO XL PARA NINTENDO SWITCH 2 BLACK GXT1252","False","","ok","","localhost","762d5e49-1c62-4b3d-a994-cb1eec6c3355","False"
"https://quantumhardstore.com/productos/accesorios-trust-estuche-rigido-xl-para-nintendo-switch-2-blue-gxt1252b-ffn9j/","ACCESORIOS TRUST ESTUCHE RIGIDO XL PARA NINTENDO SWITCH 2 BLUE GXT1252B","False","","ok","","localhost","762d5e49-1c62-4b3d-a994-cb1eec6c3355","False"
"https://quantumhardstore.com/productos/accesorios-trust-estuche-rigido-xl-para-nintendo-switch-2-red-gxt1252rb-1rz5o/","ACCESORIOS TRUST ESTUCHE RIGIDO XL PARA NINTENDO SWITCH 2 RED GXT1252RB","False","","ok","","localhost","762d5e49-1c62-4b3d-a994-cb1eec6c3355","False"
"https://quantumhardstore.com/productos/accesorios-trust-estuche-rigido-xxl-para-nintendo-switch-black-gxt1247-uoupv/","ACCESORIOS TRUST ESTUCHE RIGIDO XXL PARA NINTENDO SWITCH BLACK GXT1247","False","","ok","","localhost","762d5e49-1c62-4b3d-a994-cb1eec6c3355","False"
"https://quantumhardstore.com/productos/accesorios-trust-funda-notebook-primo-sleeve-15-6-black-7xrdq/","ACCESORIOS TRUST FUNDA NOTEBOOK PRIMO SLEEVE 15.6 BLACK","False","","ok","","localhost","762d5e49-1c62-4b3d-a994-cb1eec6c3355","False"
"https://quantumhardstore.com/productos/accesorios-trust-gxt702-rueda-de-gel-para-escritorio-1uzhg/","ACCESORIOS TRUST GXT702 RUEDA DE GEL PARA ESCRITORIO","False","","ok","","localhost","0c242fd3-0e73-4746-9787-9cb7d1436c32","False"
"https://quantumhardstore.com/productos/accesorios-trust-kazun-puntero-laser-avsbo/","ACCESORIOS TRUST KAZUN PUNTERO LASER","False","","ok","","localhost","0c242fd3-0e73-4746-9787-9cb7d1436c32","False"
"https://quantumhardstore.com/productos/accesorios-trust-lisboa-13-3-laptop-sleeve-black-1nqne/","ACCESORIOS TRUST LISBOA 13..3 LAPTOP SLEEVE BLACK","False","","ok","","localhost","0c242fd3-0e73-4746-9787-9cb7d1436c32","False"
"https://quantumhardstore.com/productos/accesorios-trust-lisboa-13-3-laptop-sleeve-blue-ddwqk/","ACCESORIOS TRUST LISBOA 13..3 LAPTOP SLEEVE BLUE","False","","ok","","localhost","0c242fd3-0e73-4746-9787-9cb7d1436c32","False"
"https://quantumhardstore.com/productos/accesorios-trust-maletin-bologna-notebook-16-eco-red-1sia5/","ACCESORIOS TRUST MALETIN BOLOGNA NOTEBOOK 16 ECO RED","False","","ok","","localhost","0c242fd3-0e73-4746-9787-9cb7d1436c32","False"
"https://quantumhardstore.com/productos/accesorios-trust-maletin-lisboa-green-notebook-16-r8cz6/","ACCESORIOS TRUST MALETIN LISBOA GREEN NOTEBOOK 16","False","","ok","","localhost","0c242fd3-0e73-4746-9787-9cb7d1436c32","False"
"https://quantumhardstore.com/productos/accesorios-trust-maletin-lisboa-notebook-16-b8c6a/","ACCESORIOS TRUST MALETIN LISBOA NOTEBOOK 16","False","","ok","","localhost","0c242fd3-0e73-4746-9787-9cb7d1436c32","False"
"https://quantumhardstore.com/productos/accesorios-trust-mochila-avana-eco-backpack-16-16xhu/","ACCESORIOS TRUST MOCHILA AVANA ECO BACKPACK 16","False","","ok","","localhost","0c242fd3-0e73-4746-9787-9cb7d1436c32","False"
"https://quantumhardstore.com/productos/accesorios-trust-mochila-jersey-travel-lg1kl/","ACCESORIOS TRUST MOCHILA JERSEY TRAVEL","False","","ok","","localhost","0c242fd3-0e73-4746-9787-9cb7d1436c32","False"
"https://quantumhardstore.com/productos/accesorios-trust-mochila-lisboa-16-1c0do/","ACCESORIOS TRUST MOCHILA LISBOA 16","False","","ok","","localhost","0c242fd3-0e73-4746-9787-9cb7d1436c32","False"
"https://quantumhardstore.com/productos/accesorios-trust-mochila-lisboa-black-backpack-16-1ycsf/","ACCESORIOS TRUST MOCHILA LISBOA BLACK BACKPACK 16","False","","ok","","localhost","0c242fd3-0e73-4746-9787-9cb7d1436c32","False"
"https://quantumhardstore.com/productos/accesorios-trust-mochila-lisboa-green-backpack-16-i93nx/","ACCESORIOS TRUST MOCHILA LISBOA GREEN BACKPACK 16","False","","ok","","localhost","0c242fd3-0e73-4746-9787-9cb7d1436c32","False"
"https://quantumhardstore.com/productos/accesorios-trust-movi-volante-de-competicion-negro-gxt289-1fhdq/","ACCESORIOS TRUST MOVI VOLANTE DE COMPETICION NEGRO GXT289","False","","ok","","localhost","0c242fd3-0e73-4746-9787-9cb7d1436c32","False"
"https://quantumhardstore.com/productos/accesorios-trust-retroiluminacion-para-monitor-vybz-rgb-gxt907-jmijz/","ACCESORIOS TRUST RETROILUMINACION PARA MONITOR VYBZ RGB GXT907","False","","ok","","localhost","0c242fd3-0e73-4746-9787-9cb7d1436c32","False"
"https://quantumhardstore.com/productos/accesorios-trust-soporte-para-auricular-ps5-gxt223-1vaqu/","ACCESORIOS TRUST SOPORTE PARA AURICULAR PS5 GXT223","False","","ok","","localhost","0c242fd3-0e73-4746-9787-9cb7d1436c32","False"
"https://quantumhardstore.com/productos/accesorios-trust-volante-para-nintendo-joy-con-switch-2-hkqxa/","ACCESORIOS TRUST VOLANTE PARA NINTENDO JOY-CON SWITCH 2","False","","ok","","localhost","0c242fd3-0e73-4746-9787-9cb7d1436c32","False"
"https://quantumhardstore.com/productos/accesorios-trust-zuny-panel-solar-20w-1lgdm/","ACCESORIOS TRUST ZUNY PANEL SOLAR 20W","False","","ok","","localhost","0c242fd3-0e73-4746-9787-9cb7d1436c32","False"
"https://quantumhardstore.com/productos/accesorios-trust-zuny-panel-solar-40w-j2oo1/","ACCESORIOS TRUST ZUNY PANEL SOLAR 40W","False","","ok","","localhost","0c242fd3-0e73-4746-9787-9cb7d1436c32","False"
"https://quantumhardstore.com/productos/accesorios-viro-3-en-1-trust-cargador-magnetico-dwq02/","ACCESORIOS VIRO 3 EN 1 TRUST CARGADOR MAGNETICO","False","","ok","","localhost","0c242fd3-0e73-4746-9787-9cb7d1436c32","False"
"https://quantumhardstore.com/productos/acces-point-cudy-ac1200-gigabit-1p08z/","Acces Point Cudy AC1200 Gigabit","False","","ok","","localhost","0c242fd3-0e73-4746-9787-9cb7d1436c32","False"
"https://quantumhardstore.com/productos/access-point-hp-ap17-outdoor-1lsb1/","ACCESS POINT HP AP17 OUTDOOR","False","","ok","","localhost","0c242fd3-0e73-4746-9787-9cb7d1436c32","False"
"https://quantumhardstore.com/productos/access-point-hp-ap-505-ax-1t7qd/","ACCESS POINT HP AP-505 AX","False","","ok","","localhost","0c242fd3-0e73-4746-9787-9cb7d1436c32","False"
"https://quantumhardstore.com/productos/acer-notebook-aspire-lite-intel-ci9-13900h-16gb-1tb-ssd-15-6-8n5qq/","ACER NOTEBOOK ASPIRE LITE INTEL CI9 13900H 16GB 1TB SSD 15.6","False","","ok","","localhost","0c242fd3-0e73-4746-9787-9cb7d1436c32","False"
"https://quantumhardstore.com/productos/adaptador-de-bus-de-host-hpe-sn1610e-pcie-4-0-32gb-fibre-channel-sfp-x-2-r2j63a-15rqo/","Adaptador de bus de host HPE SN1610E - PCIe 4.0 - 32Gb Fibre Channel SFP+ x 2 R2J63A","False","","ok","","localhost","0c242fd3-0e73-4746-9787-9cb7d1436c32","False"
"https://quantumhardstore.com/productos/adaptador-hub-hiksemi-multifuncion-tipo-c-11-en-1-ds11-1nsmk/","Adaptador HUB Hiksemi multifuncion tipo C 11 en 1 DS11","False","","ok","","localhost","0c242fd3-0e73-4746-9787-9cb7d1436c32","False"
"https://quantumhardstore.com/productos/adaptador-xtech-hdmi-hembra-a-hembra-17qeo/","Adaptador Xtech, HDMI hembra a hembra","False","","ok","","localhost","0c242fd3-0e73-4746-9787-9cb7d1436c32","False"
"https://quantumhardstore.com/productos/aio-hp-proone-440-g9-intel-core-i7-16gb-ram-512gb-ssd-23-6windows-11-pro-a5bj7ltac8-1idw7/","Aio Hp ProOne 440 G9 Intel core I7 16gb RAM 512gb SSD 23.6¨Windows 11 pro A5BJ7LT#AC8","False","","ok","","localhost","0c242fd3-0e73-4746-9787-9cb7d1436c32","False"
"https://quantumhardstore.com/productos/aio-lenovo-thinkcentre-neo-50a-gen-5-intel-core-i7-16b-ram-512gb-ssd-windows-11-pro-12sd0024as-1f8go/","Aio Lenovo ThinkCentre neo 50a Gen 5 Intel Core I7 16b RAM 512gb SSD Windows 11 Pro 12SD0024AS","False","","ok","","localhost","0c242fd3-0e73-4746-9787-9cb7d1436c32","False"
"https://quantumhardstore.com/productos/alfombra-trust-para-silla-gamer-gxt-715-1oopc/","ALFOMBRA TRUST PARA SILLA GAMER GXT 715","False","","ok","","localhost","0c242fd3-0e73-4746-9787-9cb7d1436c32","False"
"https://quantumhardstore.com/productos/all-in-one-lenovo-thinkcentre-neo-50a-ryzen-5-8gb-ram-512gb-ssd-23-8-gen-6-windows-11-pro-espanol-1r6qn/","All in One Lenovo Thinkcentre neo 50a Ryzen 5 8GB RAM 512GB SSD 23.8"" Gen 6 Windows 11 Pro Español","False","","ok","","localhost","0c242fd3-0e73-4746-9787-9cb7d1436c32","False"
"https://quantumhardstore.com/productos/alps-floppy-1-44-3-1-2-1d61h/","ALPS FLOPPY 1.44 3 1/2","False","","ok","","localhost","0c242fd3-0e73-4746-9787-9cb7d1436c32","False"
"https://quantumhardstore.com/productos/anbyte-cable-alimentacion-trebol-mickey-1-50m-tgv4y/","ANBYTE CABLE ALIMENTACION TREBOL/MICKEY 1.50M","False","","ok","","localhost","0c242fd3-0e73-4746-9787-9cb7d1436c32","False"
"https://quantumhardstore.com/productos/apc-back-ups-pro-1200-br1200g-ar-1200va-symi9/","Apc Back-ups Pro 1200 Br1200g-ar 1200va","False","","ok","","localhost","0eb2ec98-a7e3-4fa6-8eaa-9d348a6a895c","False"
"https://quantumhardstore.com/productos/apc-easy-ups-1200va-650w-bvg1200i-ar-1iwgq/","APC Easy UPS 1200VA 650W BVG1200I-AR","False","","ok","","localhost","0eb2ec98-a7e3-4fa6-8eaa-9d348a6a895c","False"
"https://quantumhardstore.com/productos/apc-easy-ups-1600va-900w-bvg1600i-ar-1sta3/","APC Easy UPS 1600VA 900W BVG1600I-AR","False","","ok","","localhost","0eb2ec98-a7e3-4fa6-8eaa-9d348a6a895c","False"
"https://quantumhardstore.com/productos/apc-easy-ups-700va-360w-bvg700i-ar-acrag/","APC Easy UPS 700VA 360W BVG700I-AR","False","","ok","","localhost","0eb2ec98-a7e3-4fa6-8eaa-9d348a6a895c","False"
"https://quantumhardstore.com/productos/apc-easy-ups-900va-480w-bvg900i-ar-y9uxt/","APC Easy UPS 900VA 480W BVG900I-AR","False","","ok","","localhost","0eb2ec98-a7e3-4fa6-8eaa-9d348a6a895c","False"
"https://quantumhardstore.com/productos/apoya-munecas-pad-teclado-genius-g-wp-200m-viscoelastico-4fuau/","APOYA MUÑECAS PAD TECLADO GENIUS G-WP 200M VISCOELASTICO","False","","ok","","localhost","0eb2ec98-a7e3-4fa6-8eaa-9d348a6a895c","False"
"https://quantumhardstore.com/productos/archer-ax23-ax1800-wir-dualband-gigabit-tp-link-7048-d4sfo/","ARCHER AX23 AX1800 Wir DualBand Gigabit Tp-Link (7048)","False","","ok","","localhost","0eb2ec98-a7e3-4fa6-8eaa-9d348a6a895c","False"
"https://quantumhardstore.com/productos/archer-ax53-ax3000-wir-dualband-gigabit-tp-link-3088-1ro9e/","ARCHER AX53 AX3000 Wir DualBand Gigabit Tp-Link (3088)","False","","ok","","localhost","0eb2ec98-a7e3-4fa6-8eaa-9d348a6a895c","False"
"https://quantumhardstore.com/productos/archer-ax55-pro-ax3000-wir-dualband-multi-gigabit-tp-link-6805-1e1or/","ARCHER AX55 PRO AX3000 Wir DualBand Multi Gigabit Tp-Link (6805)","False","","ok","","localhost","0eb2ec98-a7e3-4fa6-8eaa-9d348a6a895c","False"
"https://quantumhardstore.com/productos/archer-ax73-ax5400-wir-dualband-gigabit-tp-link-0263-cxqt4/","ARCHER AX73 AX5400 Wir DualBand Gigabit Tp-Link (0263)","False","","ok","","localhost","0eb2ec98-a7e3-4fa6-8eaa-9d348a6a895c","False"
"https://quantumhardstore.com/productos/archer-be550-be9300-wifi-7-tribanda-multigigabit-tp-link-0141-7fsbm/","ARCHER BE550 BE9300 Wifi 7 Tribanda MultiGigabit Tp-Link (0141)","False","","ok","","localhost","0eb2ec98-a7e3-4fa6-8eaa-9d348a6a895c","False"
"https://quantumhardstore.com/productos/archer-be700-be15000-wifi-7-tribanda-multigigabit-tp-link-8000-1k955/","ARCHER BE700 BE15000 Wifi 7 Tribanda MultiGigabit Tp-Link (8000)","False","","ok","","localhost","0eb2ec98-a7e3-4fa6-8eaa-9d348a6a895c","False"
"https://quantumhardstore.com/productos/archer-c20-ac750-wir-dual-band-3-ant-tp-link-0730-1ttof/","ARCHER C20 AC750 Wir Dual Band 3 Ant Tp-Link (0730)","False","","ok","","localhost","0eb2ec98-a7e3-4fa6-8eaa-9d348a6a895c","False"
"https://quantumhardstore.com/productos/archer-c64-ac1200-wir-dual-band-mu-mimo-4-antenas-tp-link6936-dkiex/","ARCHER C64 AC1200 Wir Dual Band MU-MIMO 4 Antenas Tp-Link(6936)","False","","ok","","localhost","0eb2ec98-a7e3-4fa6-8eaa-9d348a6a895c","False"
"https://quantumhardstore.com/productos/archer-c6-ac1200-wir-gigabit-dual-band-4-ant-tp-link6523-3d0ai/","ARCHER C6 AC1200 Wir Gigabit Dual Band 4 Ant Tp-Link(6523)","False","","ok","","localhost","0eb2ec98-a7e3-4fa6-8eaa-9d348a6a895c","False"
"https://quantumhardstore.com/productos/archer-c80-ac1900-wir-dual-band-4-antenas-tp-link8873-pry6v/","ARCHER C80 AC1900 Wir Dual Band 4 Antenas Tp-Link(8873)","False","","ok","","localhost","0eb2ec98-a7e3-4fa6-8eaa-9d348a6a895c","False"
"https://quantumhardstore.com/productos/archer-t4e-p-redw-pcix-ac1200-2-ant-8517-jpjxx/","ARCHER T4E P.RedW PCIX AC1200 2 Ant (8517)","False","","ok","","localhost","0eb2ec98-a7e3-4fa6-8eaa-9d348a6a895c","False"
"https://quantumhardstore.com/productos/archer-tx20u-nano-p-redw-usb-ax1800-d-band-6419-1xji2/","Archer TX20U Nano P.RedW USB AX1800 D.Band (6419)","False","","ok","","localhost","0eb2ec98-a7e3-4fa6-8eaa-9d348a6a895c","False"
"https://quantumhardstore.com/productos/archer-tx50uh-p-redw-usb-ax3000-d-band-high-gain-2-ant-1841-66z4q/","Archer TX50UH P.RedW USB AX3000 D.Band High Gain 2 Ant (1841)","False","","ok","","localhost","0eb2ec98-a7e3-4fa6-8eaa-9d348a6a895c","False"
"https://quantumhardstore.com/productos/asus-notebook-x515ea-i3-15-6-fhd-256-gb-4gb-windows-11-legxt/","ASUS NOTEBOOK X515EA I3 15.6 FHD 256 GB 4GB WINDOWS 11","False","","ok","","localhost","0eb2ec98-a7e3-4fa6-8eaa-9d348a6a895c","False"
"https://quantumhardstore.com/productos/asustor-nas-tower-drivestor-4-pro-gen2-as3304t-v2-4x3-5-2-5-1grdy/","Asustor NAS Tower Drivestor 4 Pro Gen2 AS3304T v2 4X3.5/2.5","False","","ok","","localhost","0eb2ec98-a7e3-4fa6-8eaa-9d348a6a895c","False"
"https://quantumhardstore.com/productos/asustor-nas-tower-lockerstor-4-gen-2-as6704t-4x3-5-2-5-1yxzg/","Asustor NAS Tower Lockerstor 4 Gen 2 AS6704T 4X3.5/2.5","False","","ok","","localhost","0eb2ec98-a7e3-4fa6-8eaa-9d348a6a895c","False"
"https://quantumhardstore.com/productos/asustor-nas-tower-lockerstor-4-gen-3-as6804t-4x3-5-2-5-t37jv/","Asustor NAS Tower Lockerstor 4 Gen 3 AS6804T 4X3.5/2.5","False","","ok","","localhost","0eb2ec98-a7e3-4fa6-8eaa-9d348a6a895c","False"
"https://quantumhardstore.com/productos/auricular-asus-a303-tuf-gaming-h1-gen-ii-hatsune-miku-edition-gcc0o/","Auricular ASUS A303 TUF GAMING H1 GEN II HATSUNE MIKU EDITION","False","","ok","","localhost","0eb2ec98-a7e3-4fa6-8eaa-9d348a6a895c","False"
"https://quantumhardstore.com/productos/auricular-c-microfono-genius-hs-02b-4703-154rc/","Auricular c/ Microfono Genius HS-02B (4703)","False","","ok","","localhost","0eb2ec98-a7e3-4fa6-8eaa-9d348a6a895c","False"
"https://quantumhardstore.com/productos/auricular-c-microfono-hs-300ndual-jack-cablenew-3111-1v6ap/","Auricular c/ Microfono HS-300N,Dual Jack Cable,New (3111)","False","","ok","","localhost","0eb2ec98-a7e3-4fa6-8eaa-9d348a6a895c","False"
"https://quantumhardstore.com/productos/auricular-c-microfono-logitech-h111-blk-1-jack-981-000612-163di/","Auricular c/Microfono Logitech H111 Blk 1 Jack 981-000612","False","","ok","","localhost","0eb2ec98-a7e3-4fa6-8eaa-9d348a6a895c","False"
"https://quantumhardstore.com/productos/auricular-c-mic-wir-logitech-g-astro-a20x-white-ps-xbox-pc-mac-939-002252-10nec/","Auricular c/mic Wir Logitech G Astro A20X White PS/XBOX/PC/MAC 939-002252","False","","ok","","localhost","0eb2ec98-a7e3-4fa6-8eaa-9d348a6a895c","False"
"https://quantumhardstore.com/productos/auricular-corsair-virtuoso-max-wireless-black-4615-1az7h/","Auricular Corsair Virtuoso Max Wireless Black (4615)","False","","ok","","localhost","0eb2ec98-a7e3-4fa6-8eaa-9d348a6a895c","False"
"https://quantumhardstore.com/productos/auriculares-jabra-evolve-10-2699-820-109-1yvvu/","Auriculares Jabra Evolve 10 2699-820-109","False","","ok","","localhost","0eb2ec98-a7e3-4fa6-8eaa-9d348a6a895c","False"
"https://quantumhardstore.com/productos/auriculares-jabra-evolve-30-ii-ms-estereo-18n4k/","Auriculares Jabra Evolve 30 II MS estereo","False","","ok","","localhost","0eb2ec98-a7e3-4fa6-8eaa-9d348a6a895c","False"
"https://quantumhardstore.com/productos/auriculares-jabra-evolve-65-te-stereo-lmk2a/","Auriculares Jabra Evolve 65 TE Stereo","False","","ok","","localhost","0eb2ec98-a7e3-4fa6-8eaa-9d348a6a895c","False"
"https://quantumhardstore.com/productos/auriculares-logitech-h390-usb-c-negro-con-microfono-981-001575-1trb1/","Auriculares Logitech H390 Usb-c Negro con Microfono 981-001575","False","","ok","","localhost","0eb2ec98-a7e3-4fa6-8eaa-9d348a6a895c","False"
"https://quantumhardstore.com/productos/auriculares-poly-blackwire-3320-usb-c-8x220aa-l4joi/","Auriculares Poly Blackwire 3320 USB-C 8X220AA","False","","ok","","localhost","0eb2ec98-a7e3-4fa6-8eaa-9d348a6a895c","False"
"https://quantumhardstore.com/productos/auriculares-poly-voyager-focus-2-bluetooth-9t9j6aa-ukb46/","Auriculares Poly Voyager Focus 2 Bluetooth 9T9J6AA","False","","ok","","localhost","0eb2ec98-a7e3-4fa6-8eaa-9d348a6a895c","False"
"https://quantumhardstore.com/productos/auriculares-shokz-t511-open-ear-inalambricos-irrrz/","Auriculares Shokz T511 Open-Ear Inalambricos","False","","ok","","localhost","0eb2ec98-a7e3-4fa6-8eaa-9d348a6a895c","False"
"https://quantumhardstore.com/productos/auriculares-skullcandy-dime-3-true-wireless-in-ear-bone-1lbru/","Auriculares Skullcandy Dime 3 True Wireless In-ear - Bone","False","","ok","","localhost","3eb0e340-0235-4f27-825f-9cabd7a03846","False"
"https://quantumhardstore.com/productos/auriculares-tt-esports-ht-shock-pro-rgb-7-1-digital-black-full-size-rgb-color-led-1bbbo/","AURICULARES TT ESPORTS HT/SHOCK PRO RGB 7.1 DIGITAL BLACK FULL SIZE RGB COLOR LED","False","","ok","","localhost","3eb0e340-0235-4f27-825f-9cabd7a03846","False"
"https://quantumhardstore.com/productos/auricular-fyd-fenda-e1-black-177cq/","AURICULAR FYD FENDA E1 BLACK","False","","ok","","localhost","3eb0e340-0235-4f27-825f-9cabd7a03846","False"
"https://quantumhardstore.com/productos/auricular-fyd-fenda-e3-white-1a7h4/","AURICULAR FYD FENDA E3 WHITE","False","","ok","","localhost","3eb0e340-0235-4f27-825f-9cabd7a03846","False"
"https://quantumhardstore.com/productos/auricular-fyd-fenda-n203-green-1yd93/","AURICULAR FYD FENDA N203 GREEN","False","","ok","","localhost","3eb0e340-0235-4f27-825f-9cabd7a03846","False"
"https://quantumhardstore.com/productos/auricular-gamer-gx-gaming-genius-hs-610-black-1q9pa/","AURICULAR GAMER GX GAMING GENIUS HS-610 BLACK","False","","ok","","localhost","3eb0e340-0235-4f27-825f-9cabd7a03846","False"
"https://quantumhardstore.com/productos/auricular-gamer-gx-gaming-genius-hs-g710v-black-w0ytb/","AURICULAR GAMER GX GAMING GENIUS HS G710V BLACK","False","","ok","","localhost","3eb0e340-0235-4f27-825f-9cabd7a03846","False"
"https://quantumhardstore.com/productos/auricular-gamer-raptor-inferno-pro-x-7-1-wireless-c-dongle-blanco-7541-zt52y/","Auricular Gamer Raptor Inferno PRO X 7.1 Wireless c/Dongle Blanco (7541)","False","","ok","","localhost","3eb0e340-0235-4f27-825f-9cabd7a03846","False"
"https://quantumhardstore.com/productos/auricular-gamer-raptor-inferno-pro-x-7-1-wireless-c-dongle-negro-7176-1uy0j/","Auricular Gamer Raptor Inferno PRO X 7.1 Wireless c/Dongle Negro (7176)","False","","ok","","localhost","3eb0e340-0235-4f27-825f-9cabd7a03846","False"
"https://quantumhardstore.com/productos/auricular-gamer-razer-barracuda-x-chroma-white-cbgzy/","AURICULAR GAMER RAZER BARRACUDA X CHROMA WHITE","False","","ok","","localhost","3eb0e340-0235-4f27-825f-9cabd7a03846","False"
"https://quantumhardstore.com/productos/auricular-gamer-razer-kraken-v4-black-hyperspeed-wireless-bt-usb-pufeu/","AURICULAR GAMER RAZER KRAKEN V4 BLACK HYPERSPEED WIRELESS +BT +USB","False","","ok","","localhost","3eb0e340-0235-4f27-825f-9cabd7a03846","False"
"https://quantumhardstore.com/productos/auricular-gamer-trust-fayzo-7-1-black-gxt490-1s5xo/","AURICULAR GAMER TRUST FAYZO 7.1 BLACK GXT490","False","","ok","","localhost","3eb0e340-0235-4f27-825f-9cabd7a03846","False"
"https://quantumhardstore.com/productos/auricular-gamer-trust-fayzo-7-1-purple-gxt490p-1brz0/","AURICULAR GAMER TRUST FAYZO 7.1 PURPLE GXT490P","False","","ok","","localhost","3eb0e340-0235-4f27-825f-9cabd7a03846","False"
"https://quantumhardstore.com/productos/auricular-gamer-trust-fayzo-7-1-white-gxt490w-akeqy/","AURICULAR GAMER TRUST FAYZO 7.1 WHITE GXT490W","False","","ok","","localhost","3eb0e340-0235-4f27-825f-9cabd7a03846","False"
"https://quantumhardstore.com/productos/auricular-gamer-trust-fayzo-gxt489-wisuh/","AURICULAR GAMER TRUST FAYZO GXT489","False","","ok","","localhost","3eb0e340-0235-4f27-825f-9cabd7a03846","False"
"https://quantumhardstore.com/productos/auricular-gamer-trust-fayzo-purple-gxt489p-10krp/","AURICULAR GAMER TRUST FAYZO PURPLE GXT489P","False","","ok","","localhost","3eb0e340-0235-4f27-825f-9cabd7a03846","False"
"https://quantumhardstore.com/productos/auricular-gamer-trust-fayzo-white-gxt489w-1co7s/","AURICULAR GAMER TRUST FAYZO WHITE GXT489W","False","","ok","","localhost","3eb0e340-0235-4f27-825f-9cabd7a03846","False"
"https://quantumhardstore.com/productos/auricular-gamer-trust-fayzo-wireless-black-gxt491-4cpl8/","AURICULAR GAMER TRUST FAYZO WIRELESS BLACK GXT491","False","","ok","","localhost","3eb0e340-0235-4f27-825f-9cabd7a03846","False"
"https://quantumhardstore.com/productos/auricular-gamer-trust-fayzo-wireless-purple-gxt491p-qxi3i/","AURICULAR GAMER TRUST FAYZO WIRELESS PURPLE GXT491P","False","","ok","","localhost","3eb0e340-0235-4f27-825f-9cabd7a03846","False"
"https://quantumhardstore.com/productos/auricular-gamer-trust-fayzo-wireless-white-gxt491-xtnr3/","AURICULAR GAMER TRUST FAYZO WIRELESS WHITE GXT491","False","","ok","","localhost","3eb0e340-0235-4f27-825f-9cabd7a03846","False"
"https://quantumhardstore.com/productos/auricular-gamer-trust-forta-gxt498b-ps5-blue-scyyb/","AURICULAR GAMER TRUST FORTA GXT498B PS5 BLUE","False","","ok","","localhost","3eb0e340-0235-4f27-825f-9cabd7a03846","False"
"https://quantumhardstore.com/productos/auricular-gamer-trust-forta-gxt498p-ps5-pink-17q43/","AURICULAR GAMER TRUST FORTA GXT498P PS5 PINK","False","","ok","","localhost","3eb0e340-0235-4f27-825f-9cabd7a03846","False"
"https://quantumhardstore.com/productos/auricular-gamer-trust-forze-ps4-gxt488-black-bc6kz/","AURICULAR GAMER TRUST FORZE PS4 GXT488 BLACK","False","","ok","","localhost","3eb0e340-0235-4f27-825f-9cabd7a03846","False"
"https://quantumhardstore.com/productos/auricular-gamer-trust-forze-ps4-gxt488-blue-1fyz0/","AURICULAR GAMER TRUST FORZE PS4 GXT488 BLUE","False","","ok","","localhost","3eb0e340-0235-4f27-825f-9cabd7a03846","False"
"https://quantumhardstore.com/productos/auricular-gamer-trust-forze-ps4-gxt488-grey-1g8i5/","AURICULAR GAMER TRUST FORZE PS4 GXT488 GREY","False","","ok","","localhost","3eb0e340-0235-4f27-825f-9cabd7a03846","False"
"https://quantumhardstore.com/productos/auricular-gamer-trust-gxt-450-blizz-rgb-7-1-7tcr3/","AURICULAR GAMER TRUST GXT 450 BLIZZ RGB 7.1","False","","ok","","localhost","3eb0e340-0235-4f27-825f-9cabd7a03846","False"
"https://quantumhardstore.com/productos/auricular-gamer-trust-reno-black-1yujl/","AURICULAR GAMER TRUST RENO BLACK","False","","ok","","localhost","3eb0e340-0235-4f27-825f-9cabd7a03846","False"
"https://quantumhardstore.com/productos/auricular-gamer-trust-zirox-blue-gxt415b-1fd7c/","AURICULAR GAMER TRUST ZIROX BLUE GXT415B","False","","ok","","localhost","3eb0e340-0235-4f27-825f-9cabd7a03846","False"
"https://quantumhardstore.com/productos/auricular-gamer-trust-zirox-gxt415x-xbox-1ncqn/","AURICULAR GAMER TRUST ZIROX GXT415X XBOX","False","","ok","","localhost","3eb0e340-0235-4f27-825f-9cabd7a03846","False"
"https://quantumhardstore.com/productos/auricular-gamer-trust-zirox-gxt416s-switch-z0ujy/","AURICULAR GAMER TRUST ZIROX GXT416S SWITCH","False","","ok","","localhost","3eb0e340-0235-4f27-825f-9cabd7a03846","False"
"https://quantumhardstore.com/productos/auricular-gamer-trust-zirox-pink-gxt415p-w601x/","AURICULAR GAMER TRUST ZIROX PINK GXT415P","False","","ok","","localhost","3eb0e340-0235-4f27-825f-9cabd7a03846","False"
"https://quantumhardstore.com/productos/auricular-gamer-trust-zirox-white-gxt415w-1gfp7/","AURICULAR GAMER TRUST ZIROX WHITE GXT415W","False","","ok","","localhost","3eb0e340-0235-4f27-825f-9cabd7a03846","False"
"https://quantumhardstore.com/productos/auricular-gaming-inalambrico-a30-blanco-lzkwt/","Auricular Gaming Inalámbrico A30 Blanco","False","","ok","","localhost","3eb0e340-0235-4f27-825f-9cabd7a03846","False"
"https://quantumhardstore.com/productos/auricular-gaming-logitech-inalambrico-a30-azul-n1lrj/","Auricular Gaming Logitech Inalámbrico A30 Azul","False","","ok","","localhost","3eb0e340-0235-4f27-825f-9cabd7a03846","False"
"https://quantumhardstore.com/productos/auricular-hyperx-cloud-stinger-core-wireless-blanco-1gfiq/","Auricular HYPERX Cloud Stinger Core Wireless Blanco","False","","ok","","localhost","3eb0e340-0235-4f27-825f-9cabd7a03846","False"
"https://quantumhardstore.com/productos/auricular-inalambrico-gaming-logitech-g735-1whpl/","Auricular Inalámbrico Gaming Logitech G735","False","","ok","","localhost","3eb0e340-0235-4f27-825f-9cabd7a03846","False"
"https://quantumhardstore.com/productos/auricular-inalambrico-logitech-a20-x-blanco-to501/","Auricular Inalámbrico Logitech A20 X Blanco","False","","ok","","localhost","3eb0e340-0235-4f27-825f-9cabd7a03846","False"
"https://quantumhardstore.com/productos/auricular-inalambrico-logitech-a20-x-negro-15c67/","Auricular Inalámbrico Logitech A20 X Negro","False","","ok","","localhost","3eb0e340-0235-4f27-825f-9cabd7a03846","False"
"https://quantumhardstore.com/productos/auricular-inalambrico-logitech-g325-lila-hsrce/","Auricular Inalámbrico Logitech G325 Lila","False","","ok","","localhost","3eb0e340-0235-4f27-825f-9cabd7a03846","False"
"https://quantumhardstore.com/productos/auricular-inalambrico-logitech-g522-blanco-1hkr2/","Auricular Inalámbrico Logitech G522 Blanco","False","","ok","","localhost","3eb0e340-0235-4f27-825f-9cabd7a03846","False"
"https://quantumhardstore.com/productos/auricular-inalambrico-logitech-g522-negro-s9q2b/","Auricular Inalámbrico Logitech G522 Negro","False","","ok","","localhost","3eb0e340-0235-4f27-825f-9cabd7a03846","False"
"https://quantumhardstore.com/productos/auricular-inalambrico-logitech-zone-2-blanco-167kh/","Auricular Inalámbrico Logitech Zone 2 Blanco","False","","ok","","localhost","3eb0e340-0235-4f27-825f-9cabd7a03846","False"
"https://quantumhardstore.com/productos/auricular-inalambrico-logitech-zone-2-negro-1ol8i/","Auricular Inalámbrico Logitech Zone 2 Negro","False","","ok","","localhost","3eb0e340-0235-4f27-825f-9cabd7a03846","False"
"https://quantumhardstore.com/productos/auricular-inalambrico-logitech-zone-2-rosa-q4zld/","Auricular Inalámbrico Logitech Zone 2 Rosa","False","","ok","","localhost","3eb0e340-0235-4f27-825f-9cabd7a03846","False"
"https://quantumhardstore.com/productos/auricular-inalambrico-logitech-zone-300-rosa-193nv/","Auricular Inalámbrico Logitech Zone 300 Rosa","False","","ok","","localhost","3eb0e340-0235-4f27-825f-9cabd7a03846","False"
"https://quantumhardstore.com/productos/auricular-jbl-bluetooth-run3-violeta-8175-1mc3v/","AURICULAR JBL BLUETOOTH RUN3 VIOLETA (8175)","False","","ok","","localhost","3eb0e340-0235-4f27-825f-9cabd7a03846","False"
"https://quantumhardstore.com/productos/auricular-jbl-bluetooth-t720-blanco-6132-1ifud/","AURICULAR JBL BLUETOOTH T720 BLANCO (6132)","False","","ok","","localhost","3eb0e340-0235-4f27-825f-9cabd7a03846","False"
"https://quantumhardstore.com/productos/auricular-jbl-bluetooth-t770nc-noise-cancelling-azul-4502-6sjwo/","AURICULAR JBL BLUETOOTH T770NC NOISE CANCELLING AZUL (4502)","False","","ok","","localhost","3eb0e340-0235-4f27-825f-9cabd7a03846","False"
"https://quantumhardstore.com/productos/auricular-jbl-bluetooth-t770nc-noise-cancelling-blanco-4496-1pfp7/","AURICULAR JBL BLUETOOTH T770NC NOISE CANCELLING BLANCO (4496)","False","","ok","","localhost","3eb0e340-0235-4f27-825f-9cabd7a03846","False"
"https://quantumhardstore.com/productos/auricular-jbl-bluetooth-t770nc-noise-cancelling-negro3505-vkfbo/","AURICULAR JBL BLUETOOTH T770NC NOISE CANCELLING NEGRO(3505)","False","","ok","","localhost","3eb0e340-0235-4f27-825f-9cabd7a03846","False"
"https://quantumhardstore.com/productos/auricular-jbl-endurance-race-2-inalambrico-negro-4284-1rhhp/","AURICULAR JBL ENDURANCE RACE 2 INALAMBRICO NEGRO (4284)","False","","ok","","localhost","3eb0e340-0235-4f27-825f-9cabd7a03846","False"
"https://quantumhardstore.com/productos/auricular-jbl-endurance-run3-inalambrico-azul-8168-mkyck/","AURICULAR JBL ENDURANCE RUN3 INALAMBRICO AZUL (8168)","False","","ok","","localhost","3eb0e340-0235-4f27-825f-9cabd7a03846","False"
"https://quantumhardstore.com/productos/auricular-jbl-quantum-250-negro-2197-1gvy4/","AURICULAR JBL QUANTUM 250 NEGRO (2197)","False","","ok","","localhost","3eb0e340-0235-4f27-825f-9cabd7a03846","False"
"https://quantumhardstore.com/productos/auricular-jbl-quantum-360-playstation-blanco-0796-1re7y/","AURICULAR JBL QUANTUM 360 PLAYSTATION BLANCO (0796)","False","","ok","","localhost","3eb0e340-0235-4f27-825f-9cabd7a03846","False"
"https://quantumhardstore.com/productos/auricular-jbl-quantum-610-gaming-surround-duales-wificable-7877-ssidw/","AURICULAR JBL QUANTUM 610 GAMING SURROUND DUALES (WIFI+CABLE) (7877)","False","","ok","","localhost","3eb0e340-0235-4f27-825f-9cabd7a03846","False"
"https://quantumhardstore.com/productos/auricular-jbl-sense-lite-open-sound-blanco-3040-pgdxw/","AURICULAR JBL SENSE LITE OPEN SOUND BLANCO (3040)","False","","ok","","localhost","3eb0e340-0235-4f27-825f-9cabd7a03846","False"
"https://quantumhardstore.com/productos/auricular-jbl-sense-lite-open-sound-negro-3033-8on1a/","AURICULAR JBL SENSE LITE OPEN SOUND NEGRO (3033)","False","","ok","","localhost","3eb0e340-0235-4f27-825f-9cabd7a03846","False"
"https://quantumhardstore.com/productos/auricular-jbl-sense-pro-open-sound-blanco-7710-1dfx9/","AURICULAR JBL SENSE PRO OPEN SOUND BLANCO (7710)","False","","ok","","localhost","3eb0e340-0235-4f27-825f-9cabd7a03846","False"
"https://quantumhardstore.com/productos/auricular-jbl-sense-pro-open-sound-negro-7697-1h8zw/","AURICULAR JBL SENSE PRO OPEN SOUND NEGRO (7697)","False","","ok","","localhost","3eb0e340-0235-4f27-825f-9cabd7a03846","False"
"https://quantumhardstore.com/productos/auricular-jbl-sense-pro-open-sound-violeta-7727-1ncbq/","AURICULAR JBL SENSE PRO OPEN SOUND VIOLETA (7727)","False","","ok","","localhost","3eb0e340-0235-4f27-825f-9cabd7a03846","False"
"https://quantumhardstore.com/productos/auricular-jbl-sound-gear-clips-open-sound-negro-7949-1j3gp/","AURICULAR JBL SOUND GEAR CLIPS OPEN SOUND NEGRO (7949)","False","","ok","","localhost","570635fd-cedb-4ecb-ad9b-f3d791fd419f","False"
"https://quantumhardstore.com/productos/auricular-jbl-t125-bluetooth-azul-9736-1lox0/","AURICULAR JBL T125 BLUETOOTH AZUL (9736)","False","","ok","","localhost","570635fd-cedb-4ecb-ad9b-f3d791fd419f","False"
"https://quantumhardstore.com/productos/auricular-jbl-t310c-cableado-usb-c-blanco-1191-1oqlo/","AURICULAR JBL T310C CABLEADO USB C BLANCO (1191)","False","","ok","","localhost","570635fd-cedb-4ecb-ad9b-f3d791fd419f","False"
"https://quantumhardstore.com/productos/auricular-jbl-t310c-cableado-usb-c-negro-1184-fpje6/","AURICULAR JBL T310C CABLEADO USB C NEGRO (1184)","False","","ok","","localhost","570635fd-cedb-4ecb-ad9b-f3d791fd419f","False"
"https://quantumhardstore.com/productos/auricular-jbl-t310c-cableado-usb-c-rojo-1214-drcqm/","AURICULAR JBL T310C CABLEADO USB C ROJO (1214)","False","","ok","","localhost","570635fd-cedb-4ecb-ad9b-f3d791fd419f","False"
"https://quantumhardstore.com/productos/auricular-jbl-t520-bluetooth-azul-3636-1vqak/","AURICULAR JBL T520 BLUETOOTH AZUL (3636)","False","","ok","","localhost","570635fd-cedb-4ecb-ad9b-f3d791fd419f","False"
"https://quantumhardstore.com/productos/auricular-jbl-t520-bluetooth-blanco-3599-5mkvh/","AURICULAR JBL T520 BLUETOOTH BLANCO (3599)","False","","ok","","localhost","570635fd-cedb-4ecb-ad9b-f3d791fd419f","False"
"https://quantumhardstore.com/productos/auricular-jbl-t520-bluetooth-negro-3582-rq5y1/","AURICULAR JBL T520 BLUETOOTH NEGRO (3582)","False","","ok","","localhost","570635fd-cedb-4ecb-ad9b-f3d791fd419f","False"
"https://quantumhardstore.com/productos/auricular-jbl-t520-bluetooth-violeta-3643-94b0w/","AURICULAR JBL T520 BLUETOOTH VIOLETA (3643)","False","","ok","","localhost","570635fd-cedb-4ecb-ad9b-f3d791fd419f","False"
"https://quantumhardstore.com/productos/auricular-jbl-t520c-azul-usb-c-3231-1esjo/","AURICULAR JBL T520C AZUL USB C (3231)","False","","ok","","localhost","570635fd-cedb-4ecb-ad9b-f3d791fd419f","False"
"https://quantumhardstore.com/productos/auricular-jbl-t520c-on-ear-usb-c-negro-3217-8eddg/","AURICULAR JBL T520C ON-EAR USB C NEGRO (3217)","False","","ok","","localhost","570635fd-cedb-4ecb-ad9b-f3d791fd419f","False"
"https://quantumhardstore.com/productos/auricular-jbl-t520c-violeta-usb-c-3248-8qsfp/","AURICULAR JBL T520C VIOLETA USB C (3248)","False","","ok","","localhost","570635fd-cedb-4ecb-ad9b-f3d791fd419f","False"
"https://quantumhardstore.com/productos/auricular-jbl-tour-one-m3-inalambrico-premium-anc-arena-0940-15cb0/","AURICULAR JBL TOUR ONE M3 INALAMBRICO PREMIUM ANC ARENA (0940)","False","","ok","","localhost","570635fd-cedb-4ecb-ad9b-f3d791fd419f","False"
"https://quantumhardstore.com/productos/auricular-jbl-tour-one-m3-inalambrico-premium-anc-negro-0926-1vuxh/","AURICULAR JBL TOUR ONE M3 INALAMBRICO PREMIUM ANC NEGRO (0926)","False","","ok","","localhost","570635fd-cedb-4ecb-ad9b-f3d791fd419f","False"
"https://quantumhardstore.com/productos/auricular-jbl-tune-flex2-tws-blanco-6189-2vg7x/","AURICULAR JBL TUNE FLEX2 TWS BLANCO (6189)","False","","ok","","localhost","570635fd-cedb-4ecb-ad9b-f3d791fd419f","False"
"https://quantumhardstore.com/productos/auricular-jbl-tune-flex2-tws-negro-6172-2emm6/","AURICULAR JBL TUNE FLEX2 TWS NEGRO (6172)","False","","ok","","localhost","570635fd-cedb-4ecb-ad9b-f3d791fd419f","False"
"https://quantumhardstore.com/productos/auricular-jbl-wave-beam2-tws-anc-blanco-bwi6f/","AURICULAR JBL WAVE BEAM2 TWS ANC BLANCO","False","","ok","","localhost","570635fd-cedb-4ecb-ad9b-f3d791fd419f","False"
"https://quantumhardstore.com/productos/auricular-jbl-wave-beam-2-tws-anc-negro-5250-c7ly8/","AURICULAR JBL WAVE BEAM 2 TWS ANC NEGRO (5250)","False","","ok","","localhost","570635fd-cedb-4ecb-ad9b-f3d791fd419f","False"
"https://quantumhardstore.com/productos/auricular-jbl-wave-beam-2-tws-anc-rosa-5281-1nwyz/","AURICULAR JBL WAVE BEAM 2 TWS ANC ROSA (5281)","False","","ok","","localhost","570635fd-cedb-4ecb-ad9b-f3d791fd419f","False"
"https://quantumhardstore.com/productos/auricular-jbl-wave-buds2-tws-anc-negro-5373-587xh/","AURICULAR JBL WAVE BUDS2 TWS ANC NEGRO (5373)","False","","ok","","localhost","570635fd-cedb-4ecb-ad9b-f3d791fd419f","False"
"https://quantumhardstore.com/productos/auricular-jbl-wave-buds2-tws-rosa-5397-vxush/","AURICULAR JBL WAVE BUDS2 TWS ROSA (5397)","False","","ok","","localhost","570635fd-cedb-4ecb-ad9b-f3d791fd419f","False"
"https://quantumhardstore.com/productos/auricular-kelyx-bluetooth-cancelacion-activa-7930-6uuck/","Auricular Kelyx Bluetooth cancelacion activa (7930)","False","","ok","","localhost","570635fd-cedb-4ecb-ad9b-f3d791fd419f","False"
"https://quantumhardstore.com/productos/auricular-kelyx-bluetooth-con-estuche-de-carga-7879-19vgm/","Auricular Kelyx Bluetooth con estuche de carga (7879)","False","","ok","","localhost","570635fd-cedb-4ecb-ad9b-f3d791fd419f","False"
"https://quantumhardstore.com/productos/auricular-lenovo-aur-gaming-71-legion-e510-rgb-1ok78/","Auricular Lenovo Aur Gaming 7,1 Legion E510 RGB","False","","ok","","localhost","570635fd-cedb-4ecb-ad9b-f3d791fd419f","False"
"https://quantumhardstore.com/productos/auricular-lenovo-gaming-legion-h500-pro-35bhf/","Auricular Lenovo Gaming Legion H500 Pro","False","","ok","","localhost","570635fd-cedb-4ecb-ad9b-f3d791fd419f","False"
"https://quantumhardstore.com/productos/auricular-lenovo-legion-gamer-h300-negro-zxl7c/","Auricular Lenovo Legion Gamer H300 Negro","False","","ok","","localhost","570635fd-cedb-4ecb-ad9b-f3d791fd419f","False"
"https://quantumhardstore.com/productos/auricular-logitech-g335-blanco-15982/","Auricular LOGITECH G335 Blanco","False","","ok","","localhost","570635fd-cedb-4ecb-ad9b-f3d791fd419f","False"
"https://quantumhardstore.com/productos/auricular-logitech-g535-negro-8u7dl/","Auricular Logitech G535 Negro","False","","ok","","localhost","570635fd-cedb-4ecb-ad9b-f3d791fd419f","False"
"https://quantumhardstore.com/productos/auricular-logitech-h111-negro-1tjsk/","Auricular LOGITECH H111 Negro","False","","ok","","localhost","570635fd-cedb-4ecb-ad9b-f3d791fd419f","False"
"https://quantumhardstore.com/productos/auricular-mic-headset-genius-hs-04s-dual-plug-d4eun/","AURICULAR + MIC HEADSET GENIUS HS-04S DUAL PLUG","False","","ok","","localhost","570635fd-cedb-4ecb-ad9b-f3d791fd419f","False"
"https://quantumhardstore.com/productos/auricular-mic-headset-genius-hs-04su-dual-plug-whlrc/","AURICULAR + MIC HEADSET GENIUS HS-04SU DUAL PLUG","False","","ok","","localhost","570635fd-cedb-4ecb-ad9b-f3d791fd419f","False"
"https://quantumhardstore.com/productos/auricular-mic-headset-genius-hs-05a-1o8jn/","AURICULAR + MIC HEADSET GENIUS HS-05A","False","","ok","","localhost","570635fd-cedb-4ecb-ad9b-f3d791fd419f","False"
"https://quantumhardstore.com/productos/auricular-mic-headset-plegable-genius-hs-300n-1qwsk/","AURICULAR + MIC HEADSET PLEGABLE GENIUS HS-300N","False","","ok","","localhost","570635fd-cedb-4ecb-ad9b-f3d791fd419f","False"
"https://quantumhardstore.com/productos/auricular-trust-ayda-pc-30cak/","AURICULAR TRUST AYDA PC","False","","ok","","localhost","570635fd-cedb-4ecb-ad9b-f3d791fd419f","False"
"https://quantumhardstore.com/productos/auricular-trust-ayda-usb-enc-pc-foxgb/","AURICULAR TRUST AYDA USB-ENC PC","False","","ok","","localhost","570635fd-cedb-4ecb-ad9b-f3d791fd419f","False"
"https://quantumhardstore.com/productos/auricular-trust-ayda-usb-pc-w60u6/","AURICULAR TRUST AYDA USB PC","False","","ok","","localhost","570635fd-cedb-4ecb-ad9b-f3d791fd419f","False"
"https://quantumhardstore.com/productos/auricular-trust-ayda-wireless-enc-o7xl8/","AURICULAR TRUST AYDA WIRELESS ENC","False","","ok","","localhost","570635fd-cedb-4ecb-ad9b-f3d791fd419f","False"
"https://quantumhardstore.com/productos/auricular-trust-carus-multiplataforma-white-gxt492w-110ch/","AURICULAR TRUST CARUS MULTIPLATAFORMA WHITE GXT492W","False","","ok","","localhost","570635fd-cedb-4ecb-ad9b-f3d791fd419f","False"
"https://quantumhardstore.com/productos/auricular-trust-carus-multiplataforma-white-gxt493w-qvxj6/","AURICULAR TRUST CARUS MULTIPLATAFORMA WHITE GXT493W","False","","ok","","localhost","570635fd-cedb-4ecb-ad9b-f3d791fd419f","False"
"https://quantumhardstore.com/productos/auricular-trust-carus-p-xbox-gxt323x-z9lqw/","AURICULAR TRUST CARUS P/ XBOX GXT323X","False","","ok","","localhost","570635fd-cedb-4ecb-ad9b-f3d791fd419f","False"
"https://quantumhardstore.com/productos/auricular-trust-nika-compact-bt-black-1v7t7/","AURICULAR TRUST NIKA COMPACT BT BLACK","False","","ok","","localhost","570635fd-cedb-4ecb-ad9b-f3d791fd419f","False"
"https://quantumhardstore.com/productos/auricular-trust-nika-compact-bt-white-d5uct/","AURICULAR TRUST NIKA COMPACT BT WHITE","False","","ok","","localhost","570635fd-cedb-4ecb-ad9b-f3d791fd419f","False"
"https://quantumhardstore.com/productos/auricular-trust-nouna-wireless-kids-pink-1s1uw/","AURICULAR TRUST NOUNA WIRELESS KIDS PINK","False","","ok","","localhost","570635fd-cedb-4ecb-ad9b-f3d791fd419f","False"
"https://quantumhardstore.com/productos/auricular-trust-oxxie-bt-gaming-gxt409-116lu/","AURICULAR TRUST OXXIE BT GAMING GXT409","False","","ok","","localhost","570635fd-cedb-4ecb-ad9b-f3d791fd419f","False"
"https://quantumhardstore.com/productos/auricular-trust-primo-19f34/","AURICULAR TRUST PRIMO","False","","ok","","localhost","570635fd-cedb-4ecb-ad9b-f3d791fd419f","False"
"https://quantumhardstore.com/productos/auricular-trust-primo-touch-bt-black-1er96/","AURICULAR TRUST PRIMO TOUCH BT BLACK","False","","ok","","localhost","570635fd-cedb-4ecb-ad9b-f3d791fd419f","False"
"https://quantumhardstore.com/productos/auricular-trust-primo-touch-bt-blue-1cb72/","AURICULAR TRUST PRIMO TOUCH BT BLUE","False","","ok","","localhost","570635fd-cedb-4ecb-ad9b-f3d791fd419f","False"
"https://quantumhardstore.com/productos/auricular-trust-primo-touch-bt-mint-1a9gb/","AURICULAR TRUST PRIMO TOUCH BT MINT","False","","ok","","localhost","570635fd-cedb-4ecb-ad9b-f3d791fd419f","False"
"https://quantumhardstore.com/productos/auricular-trust-primo-touch-bt-pink-9kyaz/","AURICULAR TRUST PRIMO TOUCH BT PINK","False","","ok","","localhost","570635fd-cedb-4ecb-ad9b-f3d791fd419f","False"
"https://quantumhardstore.com/productos/auricular-trust-primo-touch-bt-white-1am86/","AURICULAR TRUST PRIMO TOUCH BT WHITE","False","","ok","","localhost","570635fd-cedb-4ecb-ad9b-f3d791fd419f","False"
"https://quantumhardstore.com/productos/auricular-trust-wireless-kids-black-auz3x/","AURICULAR TRUST WIRELESS KIDS BLACK","False","","ok","","localhost","570635fd-cedb-4ecb-ad9b-f3d791fd419f","False"
"https://quantumhardstore.com/productos/auricular-wir-c-microfono-logitech-g522-black-981-001543-yo3ac/","Auricular Wir c/Microfono Logitech G522 Black 981-001543","False","","ok","","localhost","570635fd-cedb-4ecb-ad9b-f3d791fd419f","False"
"https://quantumhardstore.com/productos/auricular-wir-c-microfono-logitech-g522-white-981-001549-goykq/","Auricular Wir c/Microfono Logitech G522 White 981-001549","False","","ok","","localhost","570635fd-cedb-4ecb-ad9b-f3d791fd419f","False"
"https://quantumhardstore.com/productos/auricular-wir-c-microfono-logitech-pro-x-2-white-981-001268-ofzhw/","Auricular Wir c/Microfono Logitech PRO X 2 White 981-001268","False","","ok","","localhost","570635fd-cedb-4ecb-ad9b-f3d791fd419f","False"
"https://quantumhardstore.com/productos/auricular-wir-c-microfono-logitech-zone-300-rose-981-001411-9ehgh/","Auricular Wir c/Microfono Logitech Zone 300 Rose 981-001411","False","","ok","","localhost","570635fd-cedb-4ecb-ad9b-f3d791fd419f","False"
"https://quantumhardstore.com/productos/bangho-notebook-best-pro-t5-i7-15-8-gb-480-gb-w11p-97ar9/","BANGHO NOTEBOOK BEST PRO T5 I7 15 8 GB 480 GB W11P","False","","ok","","localhost","570635fd-cedb-4ecb-ad9b-f3d791fd419f","False"
"https://quantumhardstore.com/productos/bangho-notebook-max-m5-i3-15-8-240-free-1uxwg/","BANGHO NOTEBOOK MAX M5 I3 15 8 240 FREE","False","","ok","","localhost","570635fd-cedb-4ecb-ad9b-f3d791fd419f","False"
"https://quantumhardstore.com/productos/cable-utp-sfx-cat5e-100m-interior-46vl8/","CABLE UTP SFX CAT5e 100M INTERIOR","False","","ok","","localhost","abcbf755-7cde-48ec-a63d-08da001ad127","False"
"https://quantumhardstore.com/productos/cromink-cartucho-alt-epson-t0901-q1hjd/","CROMINK CARTUCHO ALT. EPSON T0901","False","","ok","","localhost","5f86670d-7cc7-443b-99a7-211f281d8fa4","False"
"https://quantumhardstore.com/productos/economic-9/","Ryzen 5 5500 | 16GB DDR4 | GTX 1660 Super | 240GB SSD | MINI ATX","False","","ok","","localhost","ef3ed45b-5fab-425c-b9ab-890d3052a99f","False"
"https://quantumhardstore.com/productos/headsets-shokz-openmove-grey-ig2it/","HEADSETS SHOKZ OPENMOVE GREY","False","","ok","","localhost","9a5a585d-acc5-4684-b72c-97809c0b3577","False"
"https://quantumhardstore.com/productos/kit-hpe-de-disipador-termico-del-procesador-p49145-b21-para-proliant-dl380-gen11-1mspk/","Kit HPE de disipador térmico del procesador P49145-B21 para Proliant DL380 Gen11","False","","ok","","localhost","625d8254-9154-46e8-946b-5c4543c24058","False"
"https://quantumhardstore.com/productos/memoria-lexar-udimm-ddr4-8gb-3200mhz-6blt4/","Memoria LEXAR UDIMM DDR4 8GB 3200MHz","False","","ok","","localhost","48e9c8d2-2462-47cb-9db0-6f04262d01b6","False"
"https://quantumhardstore.com/productos/microfono-razer-seiren-v3-chroma-black-rgb-usb-c-ftwii/","MICROFONO RAZER SEIREN V3 CHROMA BLACK RGB USB-C","False","","ok","","localhost","1d7a5c1f-7434-4751-952e-c7f96b1703e8","False"
"https://quantumhardstore.com/productos/mouse-gamer-zowie-gear-s1-black-1k08j/","MOUSE GAMER ZOWIE GEAR S1 BLACK","False","","ok","","localhost","1515d399-11d8-4638-853e-194411ddab42","False"
"https://quantumhardstore.com/productos/mouse-pad-trust-xxl-purple-gxt759p-mxkrm/","MOUSE PAD TRUST XXL PURPLE GXT759P","False","","ok","","localhost","b7e08199-aba7-4d60-8685-bc21487c1e7b","False"
"https://quantumhardstore.com/productos/mouse-wireless-genius-nx-8080s-bt-2-4ghz-blue-1cuwa/","MOUSE WIRELESS GENIUS NX-8080S BT-2.4Ghz BLUE","False","","ok","","localhost","3eb4152f-f8f3-4fbe-ab97-bfd043015a93","False"
"https://quantumhardstore.com/productos/notebook-lenovo-thinkpad-t14-intel-ultra-5-125u-16gb-512-ssd-w11p-3yos-21mm001jar-5cj5e/","NOTEBOOK LENOVO THINKPAD T14 -Intel Ultra 5 125U 16GB 512 SSD W11P 3YOS (21MM001JAR)","False","","ok","","localhost","c76e5c99-3a7d-4275-9a1a-456dcbc0c2aa","False"
"https://quantumhardstore.com/productos/page/7/","Productos","False","","ok","","localhost","d5b939d3-aa73-4e3e-b98e-6150404e02fb","False"
"https://quantumhardstore.com/productos/pc-gamer-amd-ryzen-7-8700f-rx-7600-xt-16gb-16gb-ddr5-1tb-nvme-monitor-180hz-1r5gc/","PC Gamer AMD Ryzen 7 8700F | RX 7600 XT 16GB | 16GB DDR5 | 1TB NVMe + Monitor 180Hz","False","","ok","","localhost","d5b939d3-aa73-4e3e-b98e-6150404e02fb","False"
"https://quantumhardstore.com/productos/pc-gamer-core-ultra-5-225-2x16gb-ddr5-1tb-m-2-air-cooler-rtx-3060ti-outlet-1x2f0/","PC GAMER CORE ULTRA 5 225 | 2x16GB DDR5 | 1TB M.2 | AIR COOLER| RTX 3060TI (OUTLET)","False","","ok","","localhost","978a4f98-c7f2-4430-bd6a-f5276d4d5a51","False"
"https://quantumhardstore.com/productos/powerbank-trust-redoh-10000-green-1xr77/","POWERBANK TRUST REDOH 10000 GREEN","False","","ok","","localhost","28d92076-945d-4e97-8e12-9bfdf25ac589","False"
"https://quantumhardstore.com/productos/proyector-portatil-epson-ef61w-blanco-150-smart-700lm-1hief/","Proyector Portátil Epson EF61W Blanco 150"" Smart 700lm","False","","ok","","localhost","f31b5a5d-7bd7-442c-99cf-d99b57a9b866","False"
"https://quantumhardstore.com/productos/soporte-intelaid-de-escritorio-triple-13-27-vesa-100x100-it-db3e-1jsv0/","SOPORTE INTELAID DE ESCRITORIO TRIPLE 13/27 VESA 100X100 IT-DB3E","False","","ok","","localhost","9fdc5447-3687-4d02-abb1-68811b2b2a0c","False"
"https://quantumhardstore.com/productos/switch-kit-ducky-kailh-super-v2-speed-silver-1aubb/","SWITCH KIT DUCKY KAILH SUPER V2 SPEED SILVER","False","","ok","","localhost","83174383-85cd-41a4-b41d-f089444b2579","False"
"https://quantumhardstore.com/productos/teclado-gamer-ducky-one-2-rgb-tkl-kailh-box-red-switch-double-shot-pbt-mecanico-16cml/","TECLADO GAMER DUCKY ONE 2 RGB TKL KAILH BOX RED SWITCH DOUBLE SHOT PBT MECANICO","False","","ok","","localhost","a42b8878-ef88-4c12-98a3-fd23d3bde23d","False"
"https://quantumhardstore.com/productos/teclado-mecanico-ducky-one-3-tkl-daybreak-teclas-azules-interruptor-azul-ingles-pbt-doble-disparo-sin-costuras-estuche-superior-azul-estuche-inferior-hyue9/","Teclado Mecanico Ducky One 3 TKL Daybreak Teclas azules Interruptor azul Ingles PBT Doble disparo sin costuras Estuche superior azul Estuche inferior","False","","ok","","localhost","b0155701-fa02-4435-96ab-d7ddd48b0d67","False"
"https://quantumhardstore.com/productos/water-cooler-gigabyte-gaming-240i-white-1ut6t/","WATER COOLER GIGABYTE GAMING 240I (WHITE)","False","","ok","","localhost","06ddf4a8-f062-4b9f-ae7b-4ac327a2a5d0","False"
